Series Name,Series Code,Country Name,Country Code,2013 [YR2013],2015 [YR2015],2016 [YR2016],2017 [YR2017],2018 [YR2018],2019 [YR2019]
Population density (people per sq. km of land area),EN.POP.DNST,Afghanistan,AFG,48.3590282569032,51.7509145546816,53.1042837649295,54.6485411587937,56.2482314520951,57.9082516903546
Population density (people per sq. km of land area),EN.POP.DNST,Albania,ALB,105.660291970803,105.135145985401,104.967189781022,104.870693430657,104.612262773723,104.167554744526
Population density (people per sq. km of land area),EN.POP.DNST,Algeria,DZA,15.9549850109584,16.6026255583626,16.9369083372205,17.2716286111714,17.6035123046545,17.9303156808402
Population density (people per sq. km of land area),EN.POP.DNST,American Samoa,ASM,264.975,256.84,252.24,247.315,242.12,236.605
Population density (people per sq. km of land area),EN.POP.DNST,Andorra,AND,151.844680851064,152.651063829787,154.340425531915,157.1,159.602127659574,162.431914893617
Population density (people per sq. km of land area),EN.POP.DNST,Angola,AGO,20.9729702414374,22.5617397930537,23.385534611374,24.2308719018208,25.085050934467,25.9513820486083
Population density (people per sq. km of land area),EN.POP.DNST,Antigua and Barbuda,ATG,201.129545454545,204.411363636364,205.827272727273,207.088636363636,208.240909090909,209.356818181818
Population density (people per sq. km of land area),EN.POP.DNST,Argentina,ARG,15.421160233713,15.7606327351655,15.9281350828921,16.0941907925267,16.2585100979651,16.4208266190179
Population density (people per sq. km of land area),EN.POP.DNST,Armenia,ARM,101.910256410256,101.109764664559,100.661573586231,100.17291886196,99.6331928345627,99.0727783631893
Population density (people per sq. km of land area),EN.POP.DNST,Aruba,ABW,571.555555555556,579.205555555556,582.633333333333,585.772222222222,588.677777777778,591.344444444444
Population density (people per sq. km of land area),EN.POP.DNST,Australia,AUS,3.01057352615753,3.10011259648803,3.14493553058884,3.19736584148247,3.24578498235834,3.29435141874306
Population density (people per sq. km of land area),EN.POP.DNST,Austria,AUT,102.760821619001,104.734597673291,105.873339796413,106.61131846825,107.131858943286,107.609306834707
Population density (people per sq. km of land area),EN.POP.DNST,Azerbaijan,AZE,113.923480806688,116.731076781631,118.033288980283,119.208741622511,120.25759188908,121.280071139933
Population density (people per sq. km of land area),EN.POP.DNST,"Bahamas, The",BHS,38.5264735264735,39.2304695304695,39.558041958042,39.8621378621379,40.1504495504496,40.4152847152847
Population density (people per sq. km of land area),EN.POP.DNST,Bahrain,BHR,1638.53636363636,1750.82519280206,1809.57766367137,1867.7358974359,1911.74807197943,1915.62564102564
Population density (people per sq. km of land area),EN.POP.DNST,Bangladesh,BGD,1183.29983099024,1212.49135745563,1227.50686025966,1242.94356610586,1257.46299454559,1271.53892601982
Population density (people per sq. km of land area),EN.POP.DNST,Barbados,BRB,643.872093023256,646.704651162791,648.020930232558,649.272093023256,650.437209302326,651.581395348837
Population density (people per sq. km of land area),EN.POP.DNST,Belarus,BLR,46.5393725235082,46.611337189252,46.6499448243246,46.5987595325832,46.5010592176569,46.4107506220284
Population density (people per sq. km of land area),EN.POP.DNST,Belgium,BEL,368.540521796565,372.33143989432,374.221334214003,375.66571994716,377.379590488771,379.424702774108
Population density (people per sq. km of land area),EN.POP.DNST,Belize,BLZ,15.1112669881631,15.7768960982025,16.1031565103025,16.4266988163086,16.7499342393687,17.0580885576502
Population density (people per sq. km of land area),EN.POP.DNST,Benin,BEN,91.4218694572543,96.9562167435261,99.8588595246541,102.844794253281,105.894670095779,108.996488116353
Population density (people per sq. km of land area),EN.POP.DNST,Bermuda,BMU,1203.72222222222,1208.09259259259,1195.44444444444,1182.83333333333,1183.66666666667,1183.53703703704
Population density (people per sq. km of land area),EN.POP.DNST,Bhutan,BTN,19.1224125718183,19.4998032374006,19.6560664848993,19.8228030620805,19.981541688516,20.1221552176193
Population density (people per sq. km of land area),EN.POP.DNST,Bolivia,BOL,9.91724268439029,10.2373165328164,10.3969491368965,10.5562014215822,10.7143958275639,10.8717022062217
Population density (people per sq. km of land area),EN.POP.DNST,Bosnia and Herzegovina,BIH,70.65544921875,68.834453125,67.9880078125,67.18802734375,66.40876953125,65.63888671875
Population density (people per sq. km of land area),EN.POP.DNST,Botswana,BWA,3.91240626047677,4.0674942212341,4.1508584334692,4.23806751010181,4.32553244049195,4.41074585781589
Population density (people per sq. km of land area),EN.POP.DNST,Brazil,BRA,24.1347676636189,24.5495056316357,24.7494751224555,24.9463349501205,25.1451389902538,25.3385176606278
Population density (people per sq. km of land area),EN.POP.DNST,British Virgin Islands,VGB,191.046666666667,195.773333333333,198.26,200.4,202.233333333333,204.066666666667
Population density (people per sq. km of land area),EN.POP.DNST,Brunei Darussalam,BRN,78.1218216318786,79.9690702087287,80.8337760910816,81.6462998102467,82.4049335863378,83.1210626185958
Population density (people per sq. km of land area),EN.POP.DNST,Bulgaria,BGR,66.922577376566,66.1200350036846,65.6579034635225,65.1800571112749,64.7110998526161,64.2571941783346
Population density (people per sq. km of land area),EN.POP.DNST,Burkina Faso,BFA,64.4605555555556,68.4138121345029,70.4513815789474,72.4994809941521,74.5348062865497,76.5776279239766
Population density (people per sq. km of land area),EN.POP.DNST,Burundi,BDI,395.232749221184,417.723831775701,424.584384735202,434.407827102804,447.565109034268,462.415809968847
Population density (people per sq. km of land area),EN.POP.DNST,Cabo Verde,CPV,133.980148883375,137.013895781638,138.559305210918,140.187096774194,141.73746898263,143.183622828784
Population density (people per sq. km of land area),EN.POP.DNST,Cambodia,KHM,84.9744108316338,87.3415080444142,88.5145252662588,89.6821266711987,90.7842624065262,91.8181849082257
Population density (people per sq. km of land area),EN.POP.DNST,Cameroon,CMR,45.763470203719,48.6823760868186,50.1610501152927,51.6028452962704,53.0489031329991,54.5415603647056
Population density (people per sq. km of land area),EN.POP.DNST,Canada,CAN,3.91306695934121,3.98221511356196,4.02756394169263,4.07616632034255,4.1341488959455,4.19394931064213
Population density (people per sq. km of land area),EN.POP.DNST,Cayman Islands,CYM,242.55,253.795833333333,259.395833333333,264.920833333333,270.35,275.558333333333
Population density (people per sq. km of land area),EN.POP.DNST,Central African Republic,CAF,7.7087996404379,7.73593534302867,7.87212591094417,8.02070852996886,8.17807955311567,8.36194420366625
Population density (people per sq. km of land area),EN.POP.DNST,Chad,TCD,10.4961610546379,11.2295695679797,11.5887746188056,11.9805304955527,12.3921616899619,12.8072315756036
Population density (people per sq. km of land area),EN.POP.DNST,Channel Islands,CHI,807.040404040404,819.141414141414,826.873737373737,834.419191919192,844.742424242424,855.606060606061
Population density (people per sq. km of land area),EN.POP.DNST,Chile,CHL,23.5496589252379,24.03410209648,24.3215880419404,24.7044875002017,25.1521790588704,25.6068131566631
Population density (people per sq. km of land area),EN.POP.DNST,China,CHN,145.207643927049,146.977949259981,147.822641376791,148.720043543977,149.417194545073,149.948179684945
Population density (people per sq. km of land area),EN.POP.DNST,Colombia,COL,41.6745651194232,42.4693357368184,42.9256016223524,43.5796944569626,44.4136647138351,45.2342550698513
Population density (people per sq. km of land area),EN.POP.DNST,Comoros,COM,375.815690488984,392.378291241268,400.984416980118,409.27673293928,417.148307361634,425.032778076303
Population density (people per sq. km of land area),EN.POP.DNST,"Congo, Dem. Rep.",COD,32.4033528153327,34.6957076376789,35.9193564323681,37.177509538828,38.4143953596083,39.658097527624
Population density (people per sq. km of land area),EN.POP.DNST,"Congo, Rep.",COG,14.1378213762811,14.8298272327965,15.1883572474378,15.5559004392387,15.932831625183,16.312541727672
Population density (people per sq. km of land area),EN.POP.DNST,Costa Rica,CRI,93.8412651782217,95.8723462593028,96.8508617312965,97.8034077555817,98.7217783000392,99.57955346651
Population density (people per sq. km of land area),EN.POP.DNST,Cote d'Ivoire,CIV,70.6580754716981,74.2035880503145,76.143465408805,78.1384150943396,80.1697735849057,82.2250031446541
Population density (people per sq. km of land area),EN.POP.DNST,Croatia,HRV,76.0433314273461,75.1126438424702,74.5898970766922,73.6997176756486,73.0441533843185,72.6405010363805
Population density (people per sq. km of land area),EN.POP.DNST,Cuba,CUB,108.631539052005,108.93269932757,109.015878508266,109.213921001927,109.135298651252,109.024055876686
Population density (people per sq. km of land area),EN.POP.DNST,Curacao,CUW,346.445945945946,355.810810810811,359.603603603604,360.754504504504,358.864864864865,354.596846846847
Population density (people per sq. km of land area),EN.POP.DNST,Cyprus,CYP,126.295238095238,128.493506493506,129.640800865801,130.792532467532,131.908116883117,132.990909090909
Population density (people per sq. km of land area),EN.POP.DNST,Czechia,CZE,136.159958559959,136.589288952208,136.851858567543,137.21587877218,137.675534257221,138.226810266108
Population density (people per sq. km of land area),EN.POP.DNST,Denmark,DNK,140.3733,142.087075,143.20025,144.1245,144.8409,145.36055
Population density (people per sq. km of land area),EN.POP.DNST,Djibouti,DJI,41.922044866264,43.4106557377049,44.1441328731665,44.8763157894737,45.6081967213115,46.3327868852459
Population density (people per sq. km of land area),EN.POP.DNST,Dominica,DMA,91.7586666666667,93.3426666666667,93.4333333333333,93.8706666666667,94.4306666666667,95.2373333333333
Population density (people per sq. km of land area),EN.POP.DNST,Dominican Republic,DOM,210.247381494515,215.397060649969,217.917449803353,220.39420409853,222.842703374043,228.942837306179
Population density (people per sq. km of land area),EN.POP.DNST,Ecuador,ECU,63.3072515703012,65.2113947495571,66.1925632146883,67.2287969077146,68.5121275567724,69.8330649057819
Population density (people per sq. km of land area),EN.POP.DNST,"Egypt, Arab Rep.",EGY,93.8047013913306,98.1704746597016,100.240122557637,102.254644633081,104.214942990607,106.101432517957
Population density (people per sq. km of land area),EN.POP.DNST,El Salvador,SLV,298.534845559846,300.727123552124,301.665540540541,302.444691119691,302.912258687259,303.099276061776
Population density (people per sq. km of land area),EN.POP.DNST,Equatorial Guinea,GNQ,44.3472727272727,48.0204278074866,49.8726203208556,51.7181461675579,53.5504812834225,55.3665240641711
Population density (people per sq. km of land area),EN.POP.DNST,Eritrea,ERI,27.2316122364646,27.5831182535293,27.7944964140683,28.0573090388862,28.4558890829406,28.8966156462492
Population density (people per sq. km of land area),EN.POP.DNST,Estonia,EST,30.3196917414309,30.26011042098,30.2689210950081,30.816,30.9234385964912,31.0385497076023
Population density (people per sq. km of land area),EN.POP.DNST,Eswatini,SWZ,65.0185465116279,65.926511627907,66.4258139534884,66.9412790697674,67.4667441860465,68.0007558139535
Population density (people per sq. km of land area),EN.POP.DNST,Ethiopia,ETH,86.024074556913,90.8004623211398,93.2988650214501,95.873182081101,98.4699947600283,101.119564793866
Population density (people per sq. km of land area),EN.POP.DNST,Faroe Islands,FRO,34.6833810888252,34.9684813753582,35.458452722063,35.9813753581662,36.5007163323782,37.0207736389685
Population density (people per sq. km of land area),EN.POP.DNST,Fiji,FJI,49.9974274767378,50.2025177887247,50.2666119321292,50.3020799124247,50.3008210180624,50.2717569786535
Population density (people per sq. km of land area),EN.POP.DNST,Finland,FIN,17.8978314521702,18.0301108880919,18.0820078312658,18.1238944459068,18.1479501184522,18.1673609054717
Population density (people per sq. km of land area),EN.POP.DNST,France,FRA,120.539576701604,121.536702115031,121.857823021165,122.211970625889,122.650880182337,123.070294051578
Population density (people per sq. km of land area),EN.POP.DNST,French Polynesia,PYF,82.9824258138865,84.0642466148084,84.5695764909248,85.1195620858542,85.7407087294728,86.348890809565
Population density (people per sq. km of land area),EN.POP.DNST,Gabon,GAB,7.38241161175146,7.87253851825979,8.09642566072884,8.30603096984515,8.50705165521791,8.70409826522296
Population density (people per sq. km of land area),EN.POP.DNST,"Gambia, The",GMB,209.967292490119,222.641600790514,228.972924901186,235.294664031621,241.592490118577,247.913339920949
Population density (people per sq. km of land area),EN.POP.DNST,Georgia,GEO,65.0419538822212,65.1750586094685,65.2140557752196,65.2227859617201,65.197330207495,65.0855698239966
Population density (people per sq. km of land area),EN.POP.DNST,Germany,DEU,231.155712565925,234.152986871524,235.712929356538,236.588722557747,237.294012250272,237.822954291766
Population density (people per sq. km of land area),EN.POP.DNST,Ghana,GHA,120.970365649996,126.882917289268,129.886187044036,132.821754416806,135.671270985321,138.535158653424
Population density (people per sq. km of land area),EN.POP.DNST,Gibraltar,GIB,3241.1,3252,3256.5,3260.2,3264.8,3268.5
Population density (people per sq. km of land area),EN.POP.DNST,Greece,GRC,85.067579519007,83.947889837083,83.5994647013189,83.4342823894492,83.2651823118697,83.1775174553918
Population density (people per sq. km of land area),EN.POP.DNST,Greenland,GRL,0.137612376659764,0.136713363381654,0.136888780606651,0.136854671701791,0.136491655500061,0.136983798270191
Population density (people per sq. km of land area),EN.POP.DNST,Grenada,GRD,343.955882352941,349.941176470588,352.841176470588,355.65,358.347058823529,360.952941176471
Population density (people per sq. km of land area),EN.POP.DNST,Guam,GUM,309.359259259259,311.07037037037,311.751851851852,312.233333333333,312.366666666667,312.266666666667
Population density (people per sq. km of land area),EN.POP.DNST,Guatemala,GTM,140.388027248973,145.27266703994,147.701474430758,150.125214632325,152.547125793206,154.946117954461
Population density (people per sq. km of land area),EN.POP.DNST,Guinea,GIN,44.9919827445873,47.3140078137718,48.555205111509,49.8160060231157,51.094188507244,52.4073701774377
Population density (people per sq. km of land area),EN.POP.DNST,Guinea-Bissau,GNB,60.3752844950213,63.6173186344239,65.2401137980085,66.8501422475107,68.4550142247511,70.0731507823613
Population density (people per sq. km of land area),EN.POP.DNST,Guyana,GUY,3.79690119380239,3.8355651511303,3.85616967233934,3.87732791465583,3.9904191008382,4.05767335534671
Population density (people per sq. km of land area),EN.POP.DNST,Haiti,HTI,372.322423802612,383.300326560232,388.746335268505,394.17790275762,399.579862119013,404.950580551524
Population density (people per sq. km of land area),EN.POP.DNST,Honduras,HND,80.0845205112164,83.0682366610064,84.5544552685673,86.038448476182,87.522119939226,89.0055322191438
Population density (people per sq. km of land area),EN.POP.DNST,"Hong Kong SAR, China",HKG,6837.04761904762,6944.09523809524,6987.2380952381,7041.14285714286,7097.71428571429,7150.38095238095
Population density (people per sq. km of land area),EN.POP.DNST,Hungary,HUN,109.27959792334,107.85698005698,107.539151873767,107.253626999781,107.117729563883,107.069263642341
Population density (people per sq. km of land area),EN.POP.DNST,Iceland,ISL,3.22956608478803,3.29990024937656,3.34602493765586,3.42543640897756,3.49817514628583,3.5759496181692
Population density (people per sq. km of land area),EN.POP.DNST,India,IND,434.258174889597,444.931708030768,450.235719883358,455.468934040542,460.44931739983,465.194639427685
Population density (people per sq. km of land area),EN.POP.DNST,Indonesia,IDN,134.899256944936,137.996989644313,139.466062394042,140.876791127014,142.244548790185,143.584633764026
Population density (people per sq. km of land area),EN.POP.DNST,"Iran, Islamic Rep.",IRN,48.1709570470788,50.2166316707188,51.1470265723618,52.0832517719569,52.7689134052388,53.3523587057011
Population density (people per sq. km of land area),EN.POP.DNST,Iraq,IRQ,81.7311944864188,86.9739178306859,89.1394772970184,91.2660828142852,93.4993826705488,95.7402425091217
Population density (people per sq. km of land area),EN.POP.DNST,Ireland,IRL,67.1188271156917,68.2531136594571,69.027943097692,69.7835389751778,70.6534475250399,71.6263608651473
Population density (people per sq. km of land area),EN.POP.DNST,Isle of Man,IMN,147.621052631579,146.654385964912,146.40350877193,146.631578947368,146.973684210526,147.250877192982
Population density (people per sq. km of land area),EN.POP.DNST,Israel,ISR,372.435304990758,387.250462107209,394.916820702403,402.647874306839,410.480591497227,418.391866913124
Population density (people per sq. km of land area),EN.POP.DNST,Italy,ITA,203.687120838096,205.366538391305,205.017949533001,204.710937447163,204.322225904409,201.980545589195
Population density (people per sq. km of land area),EN.POP.DNST,Jamaica,JAM,256.059926131117,258.028162511542,258.789935364728,259.314496768236,259.633887349954,259.812834718375
Population density (people per sq. km of land area),EN.POP.DNST,Japan,JPN,349.643347050754,348.809327846365,348.631001371742,348.345679012346,347.903978052126,347.415637860082
Population density (people per sq. km of land area),EN.POP.DNST,Jordan,JOR,86.6728317188556,106.941270556432,112.239873845461,115.063989637306,117.817808064879,120.488805549925
Population density (people per sq. km of land area),EN.POP.DNST,Kazakhstan,KAZ,6.31016446271808,6.49805756195133,6.59112308775049,6.68140015557284,6.76980849724043,6.85767789013594
Population density (people per sq. km of land area),EN.POP.DNST,Kenya,KEN,78.7018448887796,82.3197947780862,84.1527040798398,86.0036845064483,87.769800049197,89.5235794356397
Population density (people per sq. km of land area),EN.POP.DNST,Kiribati,KIR,139.89012345679,144.082716049383,146.312345679012,148.595061728395,150.93950617284,153.383950617284
Population density (people per sq. km of land area),EN.POP.DNST,"Korea, Dem. People's Rep.",PRK,207.639058217756,209.766755252886,210.859654513745,211.911975749522,212.923752180051,213.897857320821
Population density (people per sq. km of land area),EN.POP.DNST,"Korea, Rep.",KOR,517.612269825303,523.525547744882,525.370072521002,526.734806686494,528.969011484824,530.377274590164
Population density (people per sq. km of land area),EN.POP.DNST,Kosovo,XKX,..,..,..,..,..,..
Population density (people per sq. km of land area),EN.POP.DNST,Kuwait,KWT,204.63063973064,219.345847362514,227.165263748597,231.476094276094,242.266273849607,249.219977553311
Population density (people per sq. km of land area),EN.POP.DNST,Kyrgyz Republic,KGZ,29.8206465067779,31.0578727841502,31.6970802919708,32.3159541188738,32.9655891553702,33.6611053180396
Population density (people per sq. km of land area),EN.POP.DNST,Lao PDR,LAO,28.5994020797227,29.4082279029463,29.8585918544194,30.3202642980936,30.7842547660312,31.2480632582322
Population density (people per sq. km of land area),EN.POP.DNST,Latvia,LVA,32.3436289713468,31.7792437366417,31.4901409356067,31.2123033409935,30.9700612274415,30.755491989008
Population density (people per sq. km of land area),EN.POP.DNST,Lebanon,LBN,555.117399804497,625.507331378299,611.790713587488,597.189833822092,581.704692082111,565.191300097752
Population density (people per sq. km of land area),EN.POP.DNST,Lesotho,LSO,68.3115612648221,69.7800065876153,70.6150197628458,71.4959486166008,72.3984519104084,73.3103425559947
Population density (people per sq. km of land area),EN.POP.DNST,Liberia,LBR,45.9646283222591,47.8854754983389,48.8589804817276,49.7989098837209,50.7619497508306,51.7575685215947
Population density (people per sq. km of land area),EN.POP.DNST,Libya,LBY,3.40158280005001,3.51923514100276,3.57036270843516,3.62495936437933,3.68152642167839,3.73341214180979
Population density (people per sq. km of land area),EN.POP.DNST,Liechtenstein,LIE,230.0375,233.46875,235.05625,236.80625,238.63125,240.5125
Population density (people per sq. km of land area),EN.POP.DNST,Lithuania,LTU,47.1908895093738,46.3672785315243,45.7876664218895,45.1525837710126,44.731646175954,44.6205206004471
Population density (people per sq. km of land area),EN.POP.DNST,Luxembourg,LUX,211.05785290896,221.251835336342,226.072263698018,231.635372078028,236.146609386046,240.827591028798
Population density (people per sq. km of land area),EN.POP.DNST,"Macao SAR, China",MAC,19583.300330033,20238.125,20547.1475409836,20734.0584415584,19786.9604863222,20171.8237082067
Population density (people per sq. km of land area),EN.POP.DNST,Madagascar,MDG,40.5432674458577,42.713839807494,43.8328308697147,44.9803059470608,46.1439343416982,47.3240529391543
Population density (people per sq. km of land area),EN.POP.DNST,Malawi,MWI,169.970036062792,179.666334323292,184.616291896479,189.660235468816,194.822687738651,200.12024819686
Population density (people per sq. km of land area),EN.POP.DNST,Malaysia,MYS,91.7206117790291,94.5634850098919,95.9562258408157,97.3240176533252,98.6129082331456,99.8448333586973
Population density (people per sq. km of land area),EN.POP.DNST,Maldives,MDV,1335.76,1451.94,1514.17333333333,1574.80666666667,1632.52666666667,1681.69333333333
Population density (people per sq. km of land area),EN.POP.DNST,Mali,MLI,13.9355616748211,14.8443332595743,15.3255689687672,15.8265147231169,16.3370442308165,16.8559191601308
Population density (people per sq. km of land area),EN.POP.DNST,Malta,MLT,1331.146875,1390.790625,1422.9875,1462.496875,1514.46875,1575.19375
Population density (people per sq. km of land area),EN.POP.DNST,Marshall Islands,MHL,285.288888888889,274.5,268.494444444444,262.15,255.494444444444,248.488888888889
Population density (people per sq. km of land area),EN.POP.DNST,Mauritania,MRT,3.63147278548559,3.82867953817794,3.93120209566314,4.03610652954303,4.14350635490443,4.25327350344426
Population density (people per sq. km of land area),EN.POP.DNST,Mauritius,MUS,630.409113670506,632.388082123185,632.822734101152,633.393590385578,633.739108662994,633.943415122684
Population density (people per sq. km of land area),EN.POP.DNST,Mexico,MEX,60.3362668792922,61.8070922606034,62.5114951516243,63.1905439954731,63.7947791867075,64.3459507703387
Population density (people per sq. km of land area),EN.POP.DNST,"Micronesia, Fed. Sts.",FSM,155.155714285714,156.374285714286,157.035714285714,157.757142857143,158.47,159.112857142857
Population density (people per sq. km of land area),EN.POP.DNST,Moldova,MDA,99.5771842462653,98.7560678343838,97.614165825121,95.9093883802694,94.2543946689506,92.756093569939
Population density (people per sq. km of land area),EN.POP.DNST,Monaco,MCO,17476.5663542181,18135.1751356685,18288.6038480513,18275.2836704489,18267.883571781,18270.350271337
Population density (people per sq. km of land area),EN.POP.DNST,Mongolia,MNG,1.82703318161355,1.90382964798196,1.94544517232048,1.98813245405988,2.03177450064376,2.07571898811886
Population density (people per sq. km of land area),EN.POP.DNST,Montenegro,MNE,46.1863940520446,46.2571747211896,46.2678810408922,46.2730855018587,46.2622304832714,46.2474349442379
Population density (people per sq. km of land area),EN.POP.DNST,Morocco,MAR,75.741714093659,77.7066054223616,78.6629262827694,79.6059041003809,80.5008088729554,81.3453013667936
Population density (people per sq. km of land area),EN.POP.DNST,Mozambique,MOZ,32.1113596480073,34.1352094407284,35.2202408504794,36.3303250336987,37.4168697067575,38.5126719906407
Population density (people per sq. km of land area),EN.POP.DNST,Myanmar,MMR,77.5530317878361,78.832530470999,79.4943916786666,80.1046970509383,80.689465297993,81.2627730963689
Population density (people per sq. km of land area),EN.POP.DNST,Namibia,NAM,2.67768344082887,2.77266090927863,2.82203354832441,2.87205480450388,2.92203233368558,2.97178879860074
Population density (people per sq. km of land area),EN.POP.DNST,Nauru,NRU,534.7,559.25,571.85,584.1,596.2,606.6
Population density (people per sq. km of land area),EN.POP.DNST,Nepal,NPL,191.011893965818,192.60777816533,194.35776770143,196.605692361353,198.860913847227,201.133561213812
Population density (people per sq. km of land area),EN.POP.DNST,Netherlands,NLD,498.795844464233,503.116216216216,505.800831600832,508.8,511.779744579745,515.143272943273
Population density (people per sq. km of land area),EN.POP.DNST,New Caledonia,NCL,14.4228665207877,14.7407002188184,14.7822757111597,14.8145514223195,14.8342450765864,14.8380743982495
Population density (people per sq. km of land area),EN.POP.DNST,New Zealand,NZL,16.8702290076336,17.5056017621815,17.9032319319433,18.2811135163875,18.6115225399719,18.9100300026585
Population density (people per sq. km of land area),EN.POP.DNST,Nicaragua,NIC,50.8507478810038,52.3400199434934,53.0931942828652,53.8518530829317,54.6138690377264,55.3758018946319
Population density (people per sq. km of land area),EN.POP.DNST,Niger,NER,14.7258222152049,15.8902060472093,16.5167308755033,17.1610657614273,17.8235241177864,18.507454803821
Population density (people per sq. km of land area),EN.POP.DNST,Nigeria,NGA,191.844398695609,202.022228444064,207.151016173128,212.453096830155,217.824064253324,223.222648967357
Population density (people per sq. km of land area),EN.POP.DNST,North Macedonia,MKD,81.8410785091197,82.0866772402855,82.1764472640761,82.2562252180809,82.3242268041237,82.3431403647898
Population density (people per sq. km of land area),EN.POP.DNST,Northern Mariana Islands,MNP,113.35,111.986956521739,111.158695652174,110.280434782609,109.35652173913,108.386956521739
Population density (people per sq. km of land area),EN.POP.DNST,Norway,NOR,13.9120886837683,14.2079384825517,14.3354243797401,14.452576255125,14.5488896436123,14.6479975020132
Population density (people per sq. km of land area),EN.POP.DNST,Oman,OMN,12.331760904685,13.5437027463651,14.2102423263328,14.6748109854604,14.8664200323102,14.8716252019386
Population density (people per sq. km of land area),EN.POP.DNST,Pakistan,PAK,266.367738169365,273.673331776671,276.988428808634,280.691748391449,285.039797374429,289.660232461602
Population density (people per sq. km of land area),EN.POP.DNST,Palau,PLW,38.7065217391304,38.6826086956522,38.7304347826087,38.7760869565217,38.8347826086957,38.9478260869565
Population density (people per sq. km of land area),EN.POP.DNST,Panama,PAN,51.4064568200161,53.3877361036158,54.3218564490016,55.2625876956287,56.1506470746832,57.0575896468051
Population density (people per sq. km of land area),EN.POP.DNST,Papua New Guinea,PNG,18.2078942719604,19.1718721017533,19.6510378483417,20.1271827937994,20.6006867464559,21.0716027028221
Population density (people per sq. km of land area),EN.POP.DNST,Paraguay,PRY,15.1161641077272,15.5498363956708,15.7730052856783,15.9964862824062,16.2177900830607,16.436008054367
Population density (people per sq. km of land area),EN.POP.DNST,Peru,PER,23.46781953125,23.99364296875,24.32248359375,24.6917859375,25.15933125,25.64442265625
Population density (people per sq. km of land area),EN.POP.DNST,Philippines,PHL,334.373367542006,345.545712177617,351.729771606801,357.978673240098,364.117235134319,370.194197940772
Population density (people per sq. km of land area),EN.POP.DNST,Poland,POL,124.229110740995,124.061569613639,124.008253045495,124.0237303635,124.031583760656,124.025595374212
Population density (people per sq. km of land area),EN.POP.DNST,Portugal,PRT,114.156128691384,113.072519583956,112.716384151187,112.441815784188,112.261935951514,112.288582794065
Population density (people per sq. km of land area),EN.POP.DNST,Puerto Rico,PRI,405.081961668546,391.570687711387,384.066741826381,374.891319052988,360.017361894025,360.055693348365
Population density (people per sq. km of land area),EN.POP.DNST,Qatar,QAT,175.323083548665,210.145604873803,225.863011314186,236.01000870322,240.794778067885,244.319843342037
Population density (people per sq. km of land area),EN.POP.DNST,Romania,ROU,86.8742903099596,86.1248956884562,85.6322453059805,85.1387126216968,84.6399947844228,84.1952712100139
Population density (people per sq. km of land area),EN.POP.DNST,Russian Federation,RUS,8.76278525750037,8.79880404497318,8.81379634814223,8.8232207375402,8.82206789209416,8.81769599441163
Population density (people per sq. km of land area),EN.POP.DNST,Rwanda,RWA,449.993919740576,471.948074584516,483.619740575598,495.757559789218,507.977624645318,520.268666396433
Population density (people per sq. km of land area),EN.POP.DNST,Samoa,WSM,70.6498233215548,71.9332155477032,72.6303886925795,74.6870503597122,75.4320143884892,76.2248201438849
Population density (people per sq. km of land area),EN.POP.DNST,San Marino,SMR,554.75,559.5,563.9,567.6,569.266666666667,569.633333333333
Population density (people per sq. km of land area),EN.POP.DNST,Sao Tome and Principe,STP,201.830208333333,209.504166666667,213.158333333333,216.704166666667,220.15,223.540625
Population density (people per sq. km of land area),EN.POP.DNST,Saudi Arabia,SAU,14.6451339495462,15.2346840707265,15.5446924905451,15.9060711079272,16.2898524903591,16.6662923491294
Population density (people per sq. km of land area),EN.POP.DNST,Senegal,SEN,70.6153118994442,74.5659429699268,76.6184802368462,78.7295122837999,80.896011011271,83.1079883654495
Population density (people per sq. km of land area),EN.POP.DNST,Serbia,SRB,81.9132403384404,81.1271781385776,80.7034301394923,80.275074319689,79.8376857992225,79.4104161902584
Population density (people per sq. km of land area),EN.POP.DNST,Seychelles,SYC,195.541304347826,203.084782608696,205.819565217391,208.354347826087,210.352173913043,212.228260869565
Population density (people per sq. km of land area),EN.POP.DNST,Sierra Leone,SLE,96.4929204765863,101.340717650319,103.822568578554,106.366929897479,108.912177888612,111.482793017456
Population density (people per sq. km of land area),EN.POP.DNST,Singapore,SGP,7636.72135785007,7806.77291960508,7908.72073342736,7882.37780898876,7897.30532212885,7965.87849162011
Population density (people per sq. km of land area),EN.POP.DNST,Sint Maarten (Dutch part),SXM,1076.67647058824,1141.91176470588,1175.55882352941,1193.35294117647,1202.79411764706,1223.76470588235
Population density (people per sq. km of land area),EN.POP.DNST,Slovak Republic,SVK,112.572637664282,112.803148787488,112.953369384359,113.128785357737,113.285586522463,113.43899750416
Population density (people per sq. km of land area),EN.POP.DNST,Slovenia,SVN,102.281678252234,102.446109241111,102.52417833383,102.610871929328,102.992292564709,103.711934605987
Population density (people per sq. km of land area),EN.POP.DNST,Solomon Islands,SLB,20.8061807788496,21.8885316184352,22.4402286530904,22.9951411218292,23.553018935334,24.115505537692
Population density (people per sq. km of land area),EN.POP.DNST,Somalia,SOM,20.487271654924,21.9401058437211,22.7832546944241,23.6940431026238,24.5657761341537,25.4747027130424
Population density (people per sq. km of land area),EN.POP.DNST,South Africa,ZAF,44.4102383170251,46.061301304932,46.511201971824,46.6916791004789,47.2674203892539,47.8835494481036
Population density (people per sq. km of land area),EN.POP.DNST,South Sudan,SSD,17.5747804345418,17.714460462393,17.5115993860079,16.8661497317741,16.4501273875271,16.5329482695868
Population density (people per sq. km of land area),EN.POP.DNST,Spain,ESP,93.2009456028468,92.9526859210545,93.0492629572988,93.2709101549633,93.6697920792501,94.3508089023978
Population density (people per sq. km of land area),EN.POP.DNST,Sri Lanka,LKA,336.975857120077,344.735220461118,346.169906128318,347.48377037791,350.284495021337,352.431694638296
Population density (people per sq. km of land area),EN.POP.DNST,St. Kitts and Nevis,KNA,183.719230769231,183.807692307692,183.8,183.788461538462,183.696153846154,183.507692307692
Population density (people per sq. km of land area),EN.POP.DNST,St. Lucia,LCA,285.209836065574,287.906557377049,289.201639344262,290.431147540984,291.619672131148,292.759016393443
Population density (people per sq. km of land area),EN.POP.DNST,St. Martin (French part),MAF,712.78,700.4,696.22,689.92,677.04,662.42
Population density (people per sq. km of land area),EN.POP.DNST,St. Vincent and the Grenadines,VCT,275.51282051282,273.030769230769,271.7,270.638461538462,269.951282051282,269.035897435897
Population density (people per sq. km of land area),EN.POP.DNST,Sudan,SDN,19.2669721627409,20.4342494646681,21.0798549250535,21.7772098501071,22.4834362955032,23.1435187366167
Population density (people per sq. km of land area),EN.POP.DNST,Suriname,SUR,3.61504487179487,3.68894230769231,3.72726282051282,3.76640384615385,3.80586538461538,3.84808333333333
Population density (people per sq. km of land area),EN.POP.DNST,Sweden,SWE,23.5684835040631,24.0582617728817,24.362449750883,24.6929419766692,24.9814588688378,25.2376654802124
Population density (people per sq. km of land area),EN.POP.DNST,Switzerland,CHE,204.734336607627,209.626620751132,211.931572125581,213.918480127503,215.500094533915,217.042781721823
Population density (people per sq. km of land area),EN.POP.DNST,Syrian Arab Republic,SYR,117.060507542341,104.586276752165,103.274258018842,103.378385884659,105.284882644448,109.449714099003
Population density (people per sq. km of land area),EN.POP.DNST,Tajikistan,TJK,58.1352529294084,61.416982491534,62.8670509402695,64.3095684127099,65.7693781972765,67.2743209164925
Population density (people per sq. km of land area),EN.POP.DNST,Tanzania,TZA,55.6035707834726,59.3168017611199,61.4154459245879,63.5211469857756,65.5796376157146,67.5915319485211
Population density (people per sq. km of land area),EN.POP.DNST,Thailand,THA,136.19096478694,137.592039382254,138.2039910744,138.773908277711,139.223320088473,139.57557008358
Population density (people per sq. km of land area),EN.POP.DNST,Timor-Leste,TLS,78.1139878950908,81.0903160726294,82.3511768661735,83.6069266980498,84.8584398117014,86.1088096839274
Population density (people per sq. km of land area),EN.POP.DNST,Togo,TGO,130.653226696084,137.400790586505,140.859606545321,144.379389593675,147.944088986946,151.555322669608
Population density (people per sq. km of land area),EN.POP.DNST,Tonga,TON,148.734722222222,147.391666666667,146.815277777778,146.409722222222,146.041666666667,145.765277777778
Population density (people per sq. km of land area),EN.POP.DNST,Trinidad and Tobago,TTO,280.843859649123,284.634892787524,286.41910331384,288.227485380117,293.31559454191,296.287524366472
Population density (people per sq. km of land area),EN.POP.DNST,Tunisia,TUN,72.736122554068,74.3935311534501,75.2167031410917,76.0262808959835,76.8089662718847,77.5573764160659
Population density (people per sq. km of land area),EN.POP.DNST,Turkiye,TUR,99.4973129945558,103.486321998883,105.270576770656,106.661416524824,107.596252744825,108.469893325364
Population density (people per sq. km of land area),EN.POP.DNST,Turkmenistan,TKM,11.831751537463,12.2708296980401,12.4881599387143,12.7005788096099,12.9063179622497,13.1049730810972
Population density (people per sq. km of land area),EN.POP.DNST,Turks and Caicos Islands,TCA,35.3621052631579,38.4610526315789,40.2589473684211,41.9410526315789,43.6705263157895,45.3473684210526
Population density (people per sq. km of land area),EN.POP.DNST,Tuvalu,TUV,363.933333333333,362.566666666667,361.733333333333,360.933333333333,362.166666666667,365.2
Population density (people per sq. km of land area),EN.POP.DNST,Uganda,UGA,175.910482744863,186.900837821664,193.239073409136,200.11512567325,207.038674446439,214.188509874327
Population density (people per sq. km of land area),EN.POP.DNST,Ukraine,UKR,78.5224884347166,77.9472043363428,77.689366293221,77.388460210599,77.015046599931,76.6071850189852
Population density (people per sq. km of land area),EN.POP.DNST,United Arab Emirates,ARE,123.230737820332,125.554759222754,126.644086172909,127.686510842016,128.698521543227,129.705111236271
Population density (people per sq. km of land area),EN.POP.DNST,United Kingdom,GBR,265.069536642831,269.153139337825,271.200731616583,273.049472988054,274.708981936924,276.263080229819
Population density (people per sq. km of land area),EN.POP.DNST,United States,USA,34.5518131888554,35.0633286762825,35.3183471405052,35.5424948236771,35.7300964643583,35.8931756713915
Population density (people per sq. km of land area),EN.POP.DNST,Uruguay,URY,19.318820706205,19.4424522911667,19.5050051422695,19.5531939206948,19.5808593303622,19.588669866301
Population density (people per sq. km of land area),EN.POP.DNST,Uzbekistan,UZB,69.3987227763895,71.0369950068089,72.2844996833798,73.51221549384,74.8004366901429,76.2228325634711
Population density (people per sq. km of land area),EN.POP.DNST,Vanuatu,VUT,21.6188679245283,22.6774405250205,23.2336341263331,23.8095980311731,24.388679245283,24.9716160787531
Population density (people per sq. km of land area),EN.POP.DNST,"Venezuela, RB",VEN,33.8280380930786,34.6122283317272,34.8522918201916,34.6504540558925,33.8140162122329,32.8458511422255
Population density (people per sq. km of land area),EN.POP.DNST,Viet Nam,VNM,288.388578631689,294.181235102096,297.161429797662,300.038761594497,302.825616008729,305.577071681306
Population density (people per sq. km of land area),EN.POP.DNST,Virgin Islands (U.S.),VIR,308.688571428571,307.748571428571,307.188571428571,306.517142857143,305.717142857143,304.768571428571
Population density (people per sq. km of land area),EN.POP.DNST,West Bank and Gaza,PSE,677.194019933555,709.317607973422,725.429900332226,740.000830564784,758.984551495017,778.290033222591
Population density (people per sq. km of land area),EN.POP.DNST,"Yemen, Rep.",YEM,51.1089683125935,54.0116767998182,55.4463359660587,56.8865446900392,58.3186790916151,59.7509157717295
Population density (people per sq. km of land area),EN.POP.DNST,Zambia,ZMB,20.4939210912173,21.8569391571046,22.5558065080241,23.2691507822274,23.9926458521099,24.7252142213374
Population density (people per sq. km of land area),EN.POP.DNST,Zimbabwe,ZWE,35.0405118262893,36.5902468657102,37.3599689802249,38.1313196329327,38.9096135453018,39.6913739175391
Population density (people per sq. km of land area),EN.POP.DNST,Africa Eastern and Southern,AFE,38.2545199953888,40.417927553128,41.5205707634619,42.6232549793843,43.7690818968299,44.9469295848787
Population density (people per sq. km of land area),EN.POP.DNST,Africa Western and Central,AFW,42.8049933781277,45.1802249225606,46.4059908598264,47.6618604476341,48.9340692566036,50.2229838665101
Population density (people per sq. km of land area),EN.POP.DNST,Arab World,ARB,29.7032499712419,31.0294362944761,31.6840610024221,32.3395190118262,33.0174231145493,33.6984280194777
Population density (people per sq. km of land area),EN.POP.DNST,Caribbean small states,CSS,17.6259948128937,17.8451327652217,17.9455897245894,18.040345807089,18.2157589230579,18.3379078671113
Population density (people per sq. km of land area),EN.POP.DNST,Central Europe and the Baltics,CEB,93.8488934173307,93.3754402553146,93.1379540162322,92.969024254002,92.7893185519725,92.6689547055008
Population density (people per sq. km of land area),EN.POP.DNST,Early-demographic dividend,EAR,92.4192370375516,95.0452955746817,96.3507363150207,97.6425331640275,98.8964192226833,100.134582247228
Population density (people per sq. km of land area),EN.POP.DNST,East Asia & Pacific,EAS,92.450519498081,93.8076755482524,94.434045917774,95.1049512967388,95.6874602256186,96.1969599090913
Population density (people per sq. km of land area),EN.POP.DNST,East Asia & Pacific (excluding high income),EAP,126.237208604053,128.216458127464,129.183106962396,130.168610040721,131.019882695904,131.762184921154
Population density (people per sq. km of land area),EN.POP.DNST,East Asia & Pacific (IDA & IBRD countries),TEA,125.619947137518,127.598113244792,128.563807032182,129.548814714966,130.398882498043,131.139437811572
Population density (people per sq. km of land area),EN.POP.DNST,Euro area,EMU,125.827895661485,126.671456493802,127.024004960909,127.33307364924,127.63616063936,127.781943882412
Population density (people per sq. km of land area),EN.POP.DNST,Europe & Central Asia,ECS,32.7628942207745,33.0893796581117,33.2438644662018,33.3715839626673,33.4774163081879,33.5649771048516
Population density (people per sq. km of land area),EN.POP.DNST,Europe & Central Asia (excluding high income),ECA,17.2400720752874,17.4892288178166,17.6064586125915,17.7029578149129,17.7740804253212,17.8417864715126
Population density (people per sq. km of land area),EN.POP.DNST,Europe & Central Asia (IDA & IBRD countries),TEC,19.5054697214258,19.7359024891234,19.8431980462684,19.9303099462378,19.9930195240396,20.0532011021349
Population density (people per sq. km of land area),EN.POP.DNST,European Union,EUU,110.714598327118,111.230043201747,111.455628923593,111.650843809074,111.846558697249,111.941409204776
Population density (people per sq. km of land area),EN.POP.DNST,Fragile and conflict affected situations,FCS,40.9398621365913,42.8478472862863,43.8182486785648,44.8036930254888,45.7956942208216,46.8254722136399
Population density (people per sq. km of land area),EN.POP.DNST,Heavily indebted poor countries (HIPC),HPC,35.4023221018335,37.4909595150098,38.5854327959573,39.7215132776548,40.8674432402477,42.0267447821198
Population density (people per sq. km of land area),EN.POP.DNST,High income,HIC,33.8323114736981,34.2169653501626,34.4021796735334,34.5775487845121,34.7452243851976,34.8920687450848
Population density (people per sq. km of land area),EN.POP.DNST,IBRD only,IBD,64.3664136679182,65.7282943497385,66.3716649970189,67.0014805079863,67.5780541493568,68.1125126381905
Population density (people per sq. km of land area),EN.POP.DNST,IDA & IBRD total,IBT,63.2921557043798,64.9736798045925,65.8054614952217,66.6414165616555,67.4499080905482,68.2394459961831
Population density (people per sq. km of land area),EN.POP.DNST,IDA blend,IDB,115.632699881432,120.234341109847,122.556947434418,124.980661904803,127.528413702912,130.147126997793
Population density (people per sq. km of land area),EN.POP.DNST,IDA only,IDX,48.5391573080753,50.6844442543179,51.8462339689072,53.0526593600974,54.2877415675709,55.5643636581256
Population density (people per sq. km of land area),EN.POP.DNST,IDA total,IDA,60.2528362370327,62.8389379567676,64.2037008796322,65.6228997426737,67.0874181981598,68.598501536204
Population density (people per sq. km of land area),EN.POP.DNST,Late-demographic dividend,LTE,50.0497079440316,50.7223153521246,51.0352542097309,51.3569517001474,51.6339198305245,51.8699034142385
Population density (people per sq. km of land area),EN.POP.DNST,Latin America & Caribbean,LCN,30.3720362123719,31.0086973944096,31.3220948383066,31.6283108071692,31.9192007776843,32.2032803244163
Population density (people per sq. km of land area),EN.POP.DNST,Latin America & Caribbean (excluding high income),LAC,30.487574741238,31.1348588163618,31.4591032354982,31.7941611979168,32.1419522280336,32.4823354171137
Population density (people per sq. km of land area),EN.POP.DNST,Latin America & the Caribbean (IDA & IBRD countries),TLA,29.7538700624778,30.3983864744023,30.7163878796863,31.0281252655246,31.3275998278954,31.6137837810285
Population density (people per sq. km of land area),EN.POP.DNST,Least developed countries: UN classification,LDC,44.4705570927491,46.6664965087048,47.8112065738296,48.9890010257059,50.1757156308904,51.3865649158601
Population density (people per sq. km of land area),EN.POP.DNST,Low & middle income,LMY,64.0991895100567,65.8191173321333,66.6712145115937,67.5309719750919,68.3676163852777,69.1859576952929
Population density (people per sq. km of land area),EN.POP.DNST,Low income,LIC,37.5601264534467,39.481889976623,40.5337596671027,41.6367434286752,42.7841128456253,43.9973164557594
Population density (people per sq. km of land area),EN.POP.DNST,Lower middle income,LMC,117.160396947959,120.847778279414,122.670969693588,124.51604459889,126.305612129257,128.061247414621
Population density (people per sq. km of land area),EN.POP.DNST,Middle East & North Africa,MEA,37.6702446786008,39.249118199767,39.9985288703513,40.7311991551462,41.4611645608169,42.1857385993514
Population density (people per sq. km of land area),EN.POP.DNST,Middle East & North Africa (excluding high income),MNA,42.0445000675841,43.7603800863525,44.5608809260037,45.35207610944,46.1358695117182,46.9330366516218
Population density (people per sq. km of land area),EN.POP.DNST,Middle East & North Africa (IDA & IBRD countries),TMN,41.6017009941323,43.2963821134492,44.0862082283303,44.8674454377192,45.6385414255896,46.4227968287216
Population density (people per sq. km of land area),EN.POP.DNST,Middle income,MIC,69.0604554875077,70.7424588242024,71.5572341342269,72.3719223348319,73.1504800402935,73.8950535694132
Population density (people per sq. km of land area),EN.POP.DNST,North America,NAC,19.3897565867376,19.6823209480185,19.8335188348034,19.9707369774655,20.0941818015991,20.2061392815705
Population density (people per sq. km of land area),EN.POP.DNST,Not classified,INX,..,..,..,..,..,..
Population density (people per sq. km of land area),EN.POP.DNST,OECD members,OED,37.0168695029917,37.5144742081798,37.7513112803666,37.9805795187678,38.193835459805,38.3820294278618
Population density (people per sq. km of land area),EN.POP.DNST,Other small states,OSS,13.8923196940576,14.5798459670326,14.9187525933087,15.2343890943754,15.5028737018379,15.7543863535231
Population density (people per sq. km of land area),EN.POP.DNST,Pacific island small states,PSS,37.0571495327103,37.8726791277259,38.283707165109,38.7258456742011,39.1305689789556,39.5334372564302
Population density (people per sq. km of land area),EN.POP.DNST,Post-demographic dividend,PST,34.6959058268305,35.0095108511286,35.1564618590872,35.2905320984901,35.4151763037293,35.5167553177576
Population density (people per sq. km of land area),EN.POP.DNST,Pre-demographic dividend,PRE,39.8126190590004,42.1700592222351,43.3750441480818,44.6108049997111,45.8653876617366,47.1473961630727
Population density (people per sq. km of land area),EN.POP.DNST,Small states,SST,15.0914377570422,15.7064741653614,16.0086163150547,16.2915967986585,16.5482650450345,16.7827150905729
Population density (people per sq. km of land area),EN.POP.DNST,South Asia,SAS,362.964397005458,372.221549517518,376.732390149842,381.31481186049,385.846173600519,390.262041526979
Population density (people per sq. km of land area),EN.POP.DNST,South Asia (IDA & IBRD),TSA,362.964397005458,372.221549517518,376.732390149842,381.31481186049,385.846173600519,390.262041526979
Population density (people per sq. km of land area),EN.POP.DNST,Sub-Saharan Africa,SSF,39.9774612297583,42.2210709806117,43.3703314069306,44.5310169645414,45.7246944918547,46.9445942820503
Population density (people per sq. km of land area),EN.POP.DNST,Sub-Saharan Africa (excluding high income),SSA,39.9744659132317,42.2179736182226,43.3672035170123,44.5278626154039,45.7215246611781,46.9414118184078
Population density (people per sq. km of land area),EN.POP.DNST,Sub-Saharan Africa (IDA & IBRD countries),TSS,39.9774612297583,42.2210709806117,43.3703314069306,44.5310169645414,45.7246944918547,46.9445942820503
Population density (people per sq. km of land area),EN.POP.DNST,Upper middle income,UMC,48.0017074803132,48.8028150972813,49.1762757662337,49.5456982394856,49.8816346962263,50.1832838083551
Population density (people per sq. km of land area),EN.POP.DNST,World,WLD,55.6399081183873,56.9895880770659,57.653845018047,58.3193954024802,58.9620925244172,59.5850969589711
,,,,,,,,,
,,,,,,,,,
,,,,,,,,,
Data from database: World Development Indicators,,,,,,,,,
Last Updated: 10/26/2023,,,,,,,,,
